{
  "matchid1":{
    "id":"matchid1",
    "home":{
      "id":"teamid1",
      "score":"2"
    },
    "away":{
      "id":"teamid2",
      "score":"2"
    },
    "date":"2021-11-11"
  },

  "matchid2":{
    "id":"matchid2",
    "home":{
      "id":"teamid1",
      "score":"5"
    },
    "away":{
      "id":"teamid3",
      "score":"6"
    },
    "date":"2022-01-01"
  },

  "matchid3":{
    "id":"matchid3",
    "home":{
      "id":"teamid3",
      "score":"5"
    },
    "away":{
      "id":"teamid4",
      "score":"6"
    },
    "date":"2022-01-02"
  },

  "matchid4":{
    "id":"matchid4",
    "home":{
      "id":"teamid1",
      "score":"8"
    },
    "away":{
      "id":"teamid4",
      "score":"10"
    },
    "date":"2022-01-03"
  },


  "matchid5":{
    "id":"matchid5",
    "home":{
      "id":"teamid6",
      "score":"8"
    },
    "away":{
      "id":"teamid7",
      "score":"10"
    },
    "date":"2022-01-04"
  },

  "matchid6":{
    "id":"matchid6",
    "home":{
      "id":"teamid4",
      "score":"6"
    },
    "away":{
      "id":"teamid3",
      "score":"3"
    },
    "date":"2022-01-05"
  },

  "matchid7":{
    "id":"matchid7",
    "home":{
      "id":"teamid2",
      "score":"6"
    },
    "away":{
      "id":"teamid6",
      "score":"3"
    },
    "date":"2022-01-09"
  },

  "matchid8":{
    "id":"matchid8",
    "home":{
      "id":"teamid1",
      "score":""
    },
    "away":{
      "id":"teamid3",
      "score":""
    },
    "date":"2022-01-15"
  },

  "matchid9":{
    "id":"matchid9",
    "home":{
      "id":"teamid3",
      "score":""
    },
    "away":{
      "id":"teamid4",
      "score":""
    },
    "date":"2022-01-16"
  },
  "matchid10":{
    "id":"matchid10",
    "home":{
      "id":"teamid2",
      "score":"2"
    },
    "away":{
      "id":"teamid1",
      "score":"8"
    },
    "date":"2022-01-17"
  },
  "matchid11":{
    "id":"matchid11",
    "home":{
      "id":"teamid1",
      "score":"22"
    },
    "away":{
      "id":"teamid6",
      "score":"3"
    },
    "date":"2022-01-18"
  },
  "matchid12":{
    "id":"matchid12",
    "home":{
      "id":"teami6",
      "score":"8"
    },
    "away":{
      "id":"teamid5",
      "score":"4"
    },
    "date":"2022-01-19"
  }
}